"","V1","V2","V3"
"regular",list(ES = list(0.301044753289739, 0.267807492124944, 0.0624431012580197, 0.0427445646996887, 0.37074492233205, 0.0329954600410204, 0.0226150187270904, 0.0228673166482296, 0.0312577733526857, 0.0259356850653871), VaR = list(0.0166156525060433, 0.0141550439953849, 0.0280397561922919, 0.022935438170692, 0.0262128829249044, 0.0206525431584465, 0.0195387859616839, 0.0198103221297621, 0.0206922881116998, 0.0199209333634617), histES = list(0.0149055760256374, 0.0149055760256374, 0.02524051153006, 0.0334684791010645, 
    0.0334684791010645, 0.0334684791010645, 0.0309256822254648, 0.0309256822254648, 0.0309256822254648, 0.0309256822254648), histVaR = list(0.0149055760256374, 0.0149055760256374, 0.02524051153006, 0.02524051153006, 0.02524051153006, 0.02524051153006, 0.02524051153006, 0.02524051153006, 0.02524051153006, 0.02524051153006), mcES = list(0.0196207174270082, 0.0158233033079293, 0.0743073179986769, 0.0301544000775375, 0.0564655719435662, 0.0312267262795734, 0.0221856134924423, 0.0223067533308479, 0.0267626913957702, 
    0.0233989357710961), mcVaR = list(0.0181805233800351, 0.0133959217937414, 0.0284591760154256, 0.0237725684386107, 0.0257067633316632, 0.0194792561258936, 0.0187593870361868, 0.0188013360756535, 0.0206626907249016, 0.0206947821499782)),list(ES = list(0.292955526487903, 0.0869163197469086, 0.0456992602934164, 0.0219781504283007, 0.0234674658050217, 0.0288360054026091, 0.0224482565185683, 0.0220398139805799, 0.0442695073235915, 0.0458959575373858), VaR = list(0.0157198763753587, 0.0215695874909842, 0.0241720670747557, 0.0189057038227901, 0.0203123333320342, 0.0204093264048005, 0.0194401644130911, 0.0191165797659256, 0.0241022132341471, 0.0254536977324848), histES = list(0.0157756207696397, 0.02524051153006, 0.0334431460778935, 0.0334431460778935, 
    0.0309873005911106, 0.0309873005911106, 0.0294490887424182, 0.0294490887424182, 0.0340454548472508, 0.0352749282614581), histVaR = list(0.0157756207696397, 0.02524051153006, 0.02524051153006, 0.02524051153006, 0.02524051153006, 0.02524051153006, 0.0248344531963409, 0.0248344531963409, 0.0260756096175448, 0.0322229766885815), mcES = list(0.0178093807361335, 0.0383150456636513, 0.0597898397841057, 0.0236865806387367, 0.0231560263166001, 0.0295699120916828, 0.0230488821627804, 0.0206998334863368, 
    0.036842834024967, 0.0540130762669669), mcVaR = list(0.0158963606601503, 0.0200093541823262, 0.0285309139537747, 0.018555901462628, 0.0206729354063087, 0.0201934719792275, 0.0192138306396408, 0.0188456212212677, 0.0230518874064946, 0.0269896544200635)),list(ES = list(0.277920398761757, 0.0219638527045648, 0.0221729222750814, 0.0231985077526557, 0.0226968731097814, 0.0221535373678088, 0.0421438694401206, 0.0395562133958608, 0.0411589476264021, 0.0399526194546528), VaR = list(0.0149190694543912, 0.0189459344937075, 0.0190879392697397, 0.0201038905046138, 0.0196863766218319, 0.0192232756431868, 0.0238594117961695, 0.0245932668913204, 0.0250234130013074, 0.0245261146656275), histES = list(0.0156469217724164, 0.0341404635957475, 0.0341404635957475, 
    0.0312553664097402, 0.0312553664097402, 0.029558651867604, 0.0340785231495309, 0.0350265771191082, 0.0342623720899996, 0.0342623720899996), histVaR = list(0.0156469217724164, 0.026584480519426, 0.026584480519426, 0.0254851720377255, 0.0254851720377255, 0.0244685082411954, 0.026584480519426, 0.0313247503673121, 0.0304413469444569, 0.0304413469444569), mcES = list(0.0169789510436972, 0.0209615221092067, 0.0214215172231462, 0.0223339442773119, 0.0226352504531273, 0.0213557153400133, 0.0312613558147185, 
    0.0322408105865318, 0.0449430644875612, 0.035253964992874), mcVaR = list(0.0150320591102528, 0.018528831024143, 0.0190804352676451, 0.0196215351038942, 0.0200067788115805, 0.0180837246641924, 0.0228691649693253, 0.0245869504992414, 0.0240738078980686, 0.0258811165920365))
"denoised",list(ES = list(0.350322895335707, 0.303366686857599, 0.0884692498244278, 0.0412745481619673, 0.388914927958343, 0.0262812705787405, 0.0246113321025674, 0.0244662741771601, 0.0340270101085672, 0.0359802277223212), VaR = list(0.0202787989867428, 0.0166072038064583, 0.0233741818492853, 0.02344267525009, 0.0257867023275688, 0.020597166162591, 0.0209084423679347, 0.021203437834593, 0.0222738542478105, 0.0226497022812309), histES = list(0.0203490652926209, 0.0203490652926209, 0.0242779979262171, 0.0354673142224361, 
    0.0368892624005503, 0.0368892624005503, 0.0331547447122855, 0.0334338366976786, 0.0334338366976786, 0.0334338366976786), histVaR = list(0.0203490652926209, 0.0203490652926209, 0.0242779979262171, 0.0242779979262171, 0.0271218942824453, 0.0271218942824453, 0.0256857093357559, 0.0265229852919354, 0.0265229852919354, 0.0265229852919354), mcES = list(0.0214484195376645, 0.0187385856219594, 0.0401187490430306, 0.0422352102804067, 0.043999812693819, 0.0246454235419773, 0.0269995188155168, 0.0254764568236327, 
    0.0505385970792099, 0.0316383867683614), mcVaR = list(0.0196552106782524, 0.0162213524861822, 0.023858755812759, 0.0213901087215097, 0.0248328970369933, 0.0211374557342529, 0.0225181145448146, 0.0220217354352501, 0.0219000974481253, 0.0223883925005773)),list(ES = list(0.308783155351075, 0.0849643695628335, 0.0443107721442346, 0.0234048469875349, 0.0249871522635118, 0.0337602990956902, 0.0295318805611844, 0.0331308729363079, 0.0510658980825021, 0.0538341058793168), VaR = list(0.0174349661650247, 0.0225405462900638, 0.0245922336363049, 0.0201338073289315, 0.02165419006273, 0.0222724524664595, 0.0214233018578047, 0.0216300323752965, 0.0266673211718855, 0.028311905375209), histES = list(0.0178070694314005, 0.0242779979262171, 0.0365967188170128, 0.0365967188170128, 
    0.0338072977183666, 0.0338072977183666, 0.0318229476502872, 0.0318229476502872, 0.0352638666775111, 0.0361686820097305), histVaR = list(0.0178070694314005, 0.0242779979262171, 0.0274847625455025, 0.0274847625455025, 0.0274847625455025, 0.0274847625455025, 0.0258698974460492, 0.0258698974460492, 0.0282284555210742, 0.0319810177301688), mcES = list(0.019222711281941, 0.0364835419266393, 0.0672274002769031, 0.0251067885293974, 0.0256506879286969, 0.0385079162196322, 0.0330337405297117, 0.0390988357396735, 
    0.0540073962405492, 0.0682503229210847), mcVaR = list(0.0169410458039026, 0.0221891412949086, 0.0289790240921043, 0.0212272407128232, 0.0219271588322492, 0.0234935149453687, 0.0223566038710616, 0.0214172918796533, 0.0254454578789377, 0.0346284332611975)),list(ES = list(0.294991109403862, 0.0382196806544095, 0.033470586339875, 0.030938949944345, 0.0433152080303421, 0.0391470517035166, 0.055275848477572, 0.0504107335824782, 0.049475340317326, 0.0481573962982763), VaR = list(0.0160576927607913, 0.0225259519536289, 0.0217004148823964, 0.0222677514723437, 0.0242131494005231, 0.0227847720284464, 0.0280786230882712, 0.0277185232836222, 0.0276542701744503, 0.0270550997985841), histES = list(0.0173122858415603, 0.0346201516773288, 0.0371529041270131, 0.0340755420468091, 
    0.0340755420468091, 0.0321874028580906, 0.0352071484162957, 0.0358851471019684, 0.0345775192987999, 0.0345775192987999), histVaR = list(0.0173122858415603, 0.0225836728360023, 0.027649177735371, 0.027649177735371, 0.027649177735371, 0.0265229852919354, 0.0280393802829574, 0.0314293737113206, 0.0280393802829574, 0.0280393802829574), mcES = list(0.0184061508704776, 0.0396153959188839, 0.0310348193777045, 0.0360690873328484, 0.0398360138681019, 0.0487518969651606, 0.0393804757397562, 0.0524382508141076, 
    0.0519321011731597, 0.0485038690958755), mcVaR = list(0.0158483680509679, 0.0204660998995656, 0.0217308772136933, 0.0234238686309268, 0.022279560470834, 0.0247954369067025, 0.0270144283324916, 0.0233922544421132, 0.0307179820298541, 0.0313478127743859))
"returns",list(regular = c(-0.0148600177740774, 0.00126692097924172, 0.00627653760401358, -0.00317056135567932, 0.00452794046799231, 0.00268985765731372, -0.00320067125471643, 0.013538672445963, -0.0028988319393092, 0.0166629447800903, -0.00227146370484029, -0.0149055760256374, -0.00897142382446296, 0.00905313174679642, -0.00416377151962491, 0.00178685656869573, -0.00683703590886145, 0.0082241054420733, 0.00077837945407209, 0.00639833929101554, 0.00517663216615682, -0.00790851701405099, -0.00216714888602433, 
-0.00576619855287049, 0.00530998051831153, -0.00415886890715229, 0.00485021751919514, 0.00667722716027976, 0.010338429408218, 0.00727186699425341, 0.0123251662599252, 0.00705315097507184, -0.00349451606571356, -0.00546756994275433, 7.39618955726705e-05, 0.000811423342478949, 0.00108227503191894, 0.00651537364646791, 0.00239859123707714, 0.00290597114348762, 0.000123171758265014, 0.0181199078849861, 0.00137040107472552, -0.00319768131300388, -0.00725564831307253, 0.00190455123070111, -0.00133198196067876, 
0.00657208189243495, -0.00220864966813802, 0.00304016115678579, 0.00785240541062924, 0.00518032360969511, -0.00374548470879443, 0.00552934476490912, 0.00159937203229131, 0.00389523733520692, 0.00171925565015804, 0.00064392666074567, 0.0103543703679681, -0.0107075603704501, 0.00695842702131793, -0.00221166699369666, 0.00294943457067389, 0.00101830080932585, -0.00595449239499372, 0.00744633291588041, -0.0054470422689062, -0.00342642809095092, 0.00428043602876879, -0.00301550724914261, -0.00860880374999429, 
0.00191180506572941, 0.0066653576701977, -0.00441040242107415, -0.0057057465153083, 0.0166380359994632, -0.00118834858625823, 0.00627936804908838, 0.0155057980194817, -0.00177284303990168, 0.00400186058584344, -0.0012681358720448, -0.0127709586453416, -0.0075019316863689, -0.02524051153006, -0.012957862464064, 0.022808659032054, -0.00386559974542373, 0.0237637239502769, -0.00670336887256763, -0.00615885322954417, 0.00435338451658401, -0.00382310264159332, -0.00379597024514472, -0.041696446672069, 
0.00111871790261558, -0.0091821272081196, -0.00660501416345442, -0.0108534004762874, 0.0210745739372188, -0.0190567247606958, 0.00156184475713604, 0.00629031065640148, 0.00392063280092863, -0.0188936705134789, 0.00329239140392631, 0.0140768153407177, 0.000525920881060221, 0.0140125297445974, 0.00427261143732793, -0.00883248734820891, 0.0127292964243536, 0.00727958611307885, 0.00819901707017886, 0.00987053732008157, 0.000534056373519033, 0.00170193635659793, -0.0111687030988494, -0.00342830030817746, 
0.00829348390800797, 0.00658052568405749, -0.00606333529596516, -0.00018441156770248, -0.00754765778518126, -0.00884204405720023, 0.0102133547776562, 0.0231395688900668, 0.00430320059119352, 0.023654671366043, 0.00864366677601124, 0.00671347715090628, -0.00157175314441831, 0.00108430415161249, -0.0234171509332817, -0.00148926620101354, -0.00301988311027632, -0.00262900547828811, 0.0164340598415485, -0.000694436164948231, 0.000153699365798811, 0.000198826985326615, 0.00518849728576154, -0.000289499756769025, 
-0.000257487161391982, 0.00875826990108822, 0.00479244398707841, 0.0144339986507411, -0.00632248446560933, -0.0012857793260184, 0.0100274116105235, 0.00703133546972414, -0.0244685082411954, -0.00427827000661775, 0.00262274937958475, 0.00369612815594768, 0.00779311696951255, 0.00321617049081916, -0.0161976726870209, -0.00408437367789294, 0.0106471410933551, -0.0116438038199099, 0.00113223311082558, 0.00120841638977728, 0.00832470079005518, -0.014151811385837, -0.00524022012190384, 0.00842198773772863, 
0.00222513878374191, 0.0127927117199588, -0.0106814300499232, 0.0154272021384984, 0.00160794579513343, 0.0025009177246719, 0.00615234159518809, 0.00988439643237778, 0.00424758273938531, 0.00751568978696138, 0.00610771309884998, 0.0159290749517371, -0.0120437882006523, -0.00248875546495042, -0.0146679109553177, 0.0139274562455974, -0.0138544553033687, 0.0159202001812134, -0.00798607480593885, -0.00104150874447309, 0.00274488648049408, -0.00302769049317368, 0.0205667733430091, 0.00947879489071848, 
-0.00597958702152928, 0.00600550161169289, -0.00249854210151101, 0.00367171673878872, 0.00273777968242182, -0.00688762575981136, -0.00330191536531377, 0.000346489545955417, -0.0129108529438595, 0.0132429479114096, -0.00132949898559987, 0.00411616911267574, -0.0027050416215598, 0.0044049640418831, -0.0114898684062437, -0.0258400884742655, -0.0059329508869288, 0.00598119779820097, 0.00166964450957915, 0.000921351251479798, 0.0152929344308184, -0.00403599259508227, -0.00835386375745586, -0.010386197523157, 
0.0128909553145493, -0.0181288336356521, -0.00392216094749627, 0.00323212378806994, -0.0173316762469042, 0.0023197347656927, 0.0185764534123619, -0.000425154670935954, 0.000783578218678319, -0.0124365935151273, 0.00305997422965529, -0.00742759392764823, 0.00139653619377499, -0.0057431092001313, 0.0138876026184917, 0.0034785534982031, -0.000996873897483068, -0.00344351377862372, -0.00999032679331664, -0.00472498526115981, 2.38402265306671e-05, 0.00711289804561385, 0.011705603764571, 0.0018110428729861, 
-0.00114223893871334, 0.00321168391900532, -0.00802604035851535, 0.00249251648563372, -0.000897479110962996, -0.00218816332036474, 0.00338866411849549, -0.000482308201409645, 0.00367593041180856, -0.00121842294480733, 0.00197585544971429, -0.000300035361445015, 0.00156321782331882, -0.00525071796576039, -0.00351767632570081, -0.0039635126788792, -0.00681325115347173, -0.00440170455216315, 0.00952365594208421, 0.000425322422421664, -0.00901026638964321, -0.0082801555443159, 0.00862776593720065, -0.00198103604620587, 
0.00324681170035093, 0.00834311949065222, -0.0021064028187549, 0.00222414996658219, 0.00342538192953939, -0.00258091633439474, -0.022975127192953, 0.00582089895636886, 0.00467954394339198, 0.00293412521668846, 0.0105274848511628, 0.00490932031042321, -0.00268963804602168, 0.00749983863582213, 0.00819379081056184, -0.0145839511557886, 0.00659462098162204, -0.00718191684986071, 0.00280313277043794, -0.000868684034080592, 0.00356983026242066, 0.0221690696252609, -0.00295485705350283, -0.00913900828749473, 
-0.0219542745512644, 0.00241393096742022, 0.0128896658142667, -0.007892969813706, -0.0104781048694993, 0.00977896972004718, -0.00518941042261823, 0.00162337763429483, 0.00506928398381907, -0.00188689362160597, -0.0161377182039717, 0.00927864219502895, -0.00231291820667426), denoised = c(-0.0203490652926209, -0.00942297970998104, 0.00315246258510414, -0.00146735304663658, 0.0052157367763017, 0.00683551535273149, 0.00306751577510909, 0.0190446993070919, -0.00775973141299263, 0.0138375327370003, -0.00240311099417185, 
-0.00932900781772413, -0.00909964046299419, 0.00787616174689851, -0.00711300771614367, 0.0105060563123862, -0.00847949969715799, 0.0101765609683352, -0.00980179223953318, 0.00621083469596417, 0.00757444319796865, -0.0122337222004857, -0.00364593005726775, -0.00438093245590417, 0.00751000828281101, -0.00432546701536642, 0.00016417206577892, 0.000871443103928642, 0.00612806241967685, 0.0064923555812193, 0.0118861117697136, 0.00796466506689819, -0.00184165688658921, -0.00629285347041446, 0.000664670157172341, 
-0.00134756516464256, 0.000850169041643363, 0.00492822836087099, -0.0018600774537464, 0.00309427915190486, 0.00334485673995632, 0.0144256972331452, 0.00759854250317749, -0.00699363440045085, -0.00689200427504952, 0.00158176112242181, -0.00208748448546258, 0.010487200941027, -0.00172877520223393, 0.00157726872838209, 0.00921663583640521, 0.00693095477349324, -0.00455127171746893, 0.0099506381680358, 0.000990958464300832, 0.00471333888854218, -0.000277481858778146, 0.000114907548572155, 0.00883471379269105, 
-0.0110214495768498, 0.00692475052598823, -0.00255859552834547, 0.00446489681548579, 0.00239904779348006, -0.0049464816200296, 0.0059092482237012, -0.00697190479696049, 0.00177400439972795, 0.00352647954869846, -0.00171043280495186, -0.0132807909692016, 0.00082890287659812, 0.00637863399703207, -0.00454095208145609, -0.00728600729787466, 0.0158708977742453, -0.000697651577027147, 0.00640802846913343, 0.0170377981599346, -0.00154737367679397, 0.00162237892303219, -0.00202175681182178, -0.0127606782060666, 
-0.00482872681400365, -0.0242779979262171, -0.0121630566863649, 0.0250098043870129, -0.00161443654234605, 0.026435023684067, -0.00539320696117919, -0.00354720024510316, 0.00140136741490188, -0.00673921973244965, -0.00577369318839849, -0.0466566305186552, 0.00127356279141159, -0.00573612251058371, -0.007369975294081, -0.0111951594149505, 0.0204031696026937, -0.018795287632879, -0.00181688108337307, 0.00677232707782142, 0.00177824458781873, -0.0209672723813659, 0.00624354550985822, 0.010188798898656, 
-0.0026628965546424, 0.0125469805612235, 0.00455023609650371, -0.00970154909277041, 0.0119623743776007, 0.00781502059654202, 0.00725369110067177, 0.0118908194302695, -0.00514763524688471, 0.00315886050406934, -0.0113515371016531, -0.000324700018405494, 0.00544044457307925, 0.00673523051802467, -0.00783200817230297, -0.00247782343404152, -0.00684708484415989, -0.00403483414480305, 0.00952592696913484, 0.0235251319028569, 0.00896517864699937, 0.0228534463330254, 0.00986479842800794, 0.00578562585778932, 
0.00462997365814995, -0.00200522796485413, -0.0271218942824453, -0.00349386955365559, -0.00404454037536587, -0.00306863309777018, 0.017630710381524, -0.000534744822257731, 0.00160289591644855, -0.00488891785576416, 0.00995510029699639, -0.00135373907522804, -0.00155873565184224, 0.00894325397856264, 0.00516337234673826, 0.0175680686064346, -0.00506578657119665, -0.00064322545007947, 0.0150644603495907, 0.0109576045094619, -0.0246390152781228, -0.0124227829189486, 0.00191571246360259, 0.00551982342275092, 
0.0116559512118876, 0.00300074875527808, -0.0139868319283078, 0.000127757362350928, 0.00602293224213881, -0.0119525529218603, 0.00434571716050902, 0.00364564713686271, 0.00761286705132681, -0.0110984550062277, -0.00385726966202669, 0.00630940334849534, 0.00280935857392947, 0.0129863677402696, -0.0095604181031012, 0.0158974671482017, -0.00225257638572154, 0.00395009894046403, 0.00608807595134932, 0.0122329790499359, 0.00619654297926825, 0.00866272172123938, 0.00410244283731117, 0.018443027100378, 
-0.0104074512416787, -0.00431597012623444, -0.01437495338844, 0.0100743404664705, -0.00981509180474729, 0.0166316896757505, -0.00956503203670597, 0.000371198359254728, 0.00237593003107262, -0.00131381403144052, 0.0232226924916509, 0.00564760391252866, -0.00414501567956036, 0.00170377033360537, -0.00356986888316259, 0.00268105632749662, 0.00572396641144888, -0.00576681648335444, -0.000864606129159821, 0.00329675070267297, -0.017026942012714, 0.0199504181401037, -0.00231555992736973, 0.00251889780622119, 
-0.00277520641455552, 0.00519936471093561, -0.016294604662369, -0.0256857093357559, -0.00428289051282981, 0.00646473912101413, 0.00100392448132822, 0.00270504997401711, 0.0131172528160588, -0.00454480504542214, -0.00896093314706129, -0.0096556699543381, 0.0148560998587613, -0.0265229852919354, -0.000580224690619335, 0.00248690697622035, -0.0186406096967585, 0.00244958059257705, 0.0219519233567267, -0.00108566397330195, -0.00200916731667282, -0.0147640347191173, 0.00327355850198203, -0.00570125864540082, 
0.00177058102163288, -0.00823216081654574, 0.0131201736344674, 0.00210715870669257, -0.00304970660166395, -0.00511648309717079, -0.01261977733358, -0.00360128484958712, 0.00323972685683794, 0.00829981809255163, 0.0106442436101095, 0.00262452282110515, 0.000472631511337911, 0.00665297637477023, -0.0097342954979951, -0.000458014990924838, -0.000494596301764989, -0.00104408423005984, 0.00400245819343732, -6.90137267857423e-05, 0.00531525592079331, -0.001951552648715, 0.000662521320623017, -0.00135550585424404, 
-0.00199139135209706, -0.00537436485244759, -0.00568500877749682, -0.00171977390807778, -0.0106701481673225, -0.00406795874724518, 0.0141067196528107, 0.00108293774623903, -0.00587193695529344, -0.0054856117173802, 0.00736239290609668, -0.00289841639465782, 0.00078746787973741, 0.0102905453326667, -0.00249638124494193, 0.00807397388872726, 0.00596612132079542, -0.00354151828314153, -0.0241828893664539, 0.00515374729598684, 0.00371334738108051, 0.00329487665801046, 0.0116743615067718, 0.00852420731288055, 
-0.00177572181201643, 0.00730500317750025, 0.00718021405279444, -0.0138158445008937, 0.00649616341199766, -0.00673532320506375, 0.00217871135020532, -0.00103709932763036, 0.00276103602151905, 0.0260857472261714, -0.00408679558635294, -0.00900876586059132, -0.0209868433194702, 0.00362490435252593, 0.0124938642148771, -0.0076391309130442, -0.00948439865788826, 0.0109342693323079, -0.000847375726216557, 0.000625749297900195, 0.00352162841041524, -0.00334773688066358, -0.0176363937766128, 0.00900059817410925, 
-0.0022466224671118)),list(regular = c(-0.0132545263563811, -0.00239123958239102, 0.00197865168480051, -0.00110039474374505, 0.00493505968232225, 0.00632530947182168, 0.000643757056054391, 0.0152380551290386, -0.00712393785923285, 0.0160542703647705, -0.00345550597859718, -0.0157756207696397, -0.0106761627331524, 0.00902798802452312, -0.000701854723189798, 0.00778291590094451, -0.00877912483007512, 0.00790094849185199, -0.000393571189370732, 0.00644159386423243, 0.00551559395546558, -0.0110726915738949, -0.00398950724021689, 
-0.00506924307244531, 0.00986614625407955, -0.00324616877766267, 0.0031606715105365, 0.00719939560079487, 0.00755827212330632, 0.00524457275640691, 0.0115991158711543, 0.00720258840950782, -0.00260792686039987, -0.00223789983807575, 0.000998654209548933, -0.000576528929991527, 0.00319740104286289, 0.00329211764854518, 0.00158129966226738, 0.00219511156611381, 0.00356047317818455, 0.0172682231426228, 0.00117977451748894, -0.00127386916528367, -0.00800117267867771, 0.00195380557116015, -0.000521274215104759, 
0.00550841469404926, 0.00294544014724726, 0.000128149391383278, 0.00979347533496944, 0.00690908990585791, -0.00192527100322771, 0.00944377883013162, -0.00249950860288769, -0.00178205259105669, 0.00597136029173138, 0.00383088106435278, 0.0133197294651758, -0.00721945630583989, 0.00695842702131793, -0.00221166699369666, 0.00294943457067389, 0.00101830080932585, -0.00595449239499372, 0.00744633291588041, -0.0054470422689062, -0.00342642809095092, 0.00428043602876879, -0.00301550724914261, -0.00860880374999429, 
0.00191180506572941, 0.0066653576701977, -0.00441040242107415, -0.0057057465153083, 0.0166380359994632, -0.00118834858625823, 0.00627936804908838, 0.0155057980194817, -0.00177284303990168, 0.00400186058584344, -0.0012681358720448, -0.0127709586453416, -0.0075019316863689, -0.02524051153006, -0.012957862464064, 0.022808659032054, -0.00386559974542373, 0.0237637239502769, -0.00670336887256763, -0.00611120598477362, 0.00312473329011122, -0.00398628401669802, -0.00268821409400784, -0.0416457806257271, 
0.00375339808540498, -0.00779297288946891, -0.0071621803989877, -0.00778882251896083, 0.0209083478273009, -0.0189958477254787, 0.00358293098065935, 0.00715967114273064, 0.00222713773036096, -0.0196979820658574, 0.00386884481914331, 0.0134687181623024, -0.000461750275197801, 0.0152730228535067, 0.00614817153939638, -0.00749844226305152, 0.0143846101356121, 0.00878238829420311, 0.00832427162456198, 0.00799423616809323, -0.0010203551218298, 0.000122882254979298, -0.0119107528108161, -0.00301023426024878, 
0.0119193663980053, 0.00615803382623624, -0.00663322224813867, -0.00113311887290317, -0.00588504413446281, -0.00895335957177575, 0.0102750931893308, 0.0236118831440062, 0.00597069174965323, 0.0225396760238088, 0.00903349424838491, 0.00701122408037703, 0.00061600856715369, 0.000378100464898945, -0.0248344531963409, -0.00163476291984908, -0.000998927384647766, -0.00408043705493953, 0.0155313687473544, -0.000822204247847691, -0.00133878380983823, -0.0014431395378539, 0.0039093194801948, 0.000477588686645394, 
-0.00132206585710085, 0.00786857665657642, 0.00531820407696775, 0.0145678375241153, -0.00532609401879997, -0.0018162802762797, 0.00914753394732135, 0.00703133546972414, -0.0244685082411954, -0.00427827000661775, 0.00262274937958475, 0.00369612815594768, 0.00779311696951255, 0.00321617049081916, -0.0161976726870209, -0.00408437367789294, 0.0106471410933551, -0.0116438038199099, 0.00113223311082558, 0.00120841638977728, 0.00832470079005518, -0.014151811385837, -0.00524022012190384, 0.00842198773772863, 
0.00222513878374191, 0.0127927117199588, -0.0106814300499232, 0.0154272021384984, 0.00160794579513343, 0.0025009177246719, 0.00615234159518809, 0.00988439643237778, 0.00424758273938531, 0.00751568978696138, 0.00610771309884998, 0.0159290749517371, -0.0120437882006523, -0.00328295812227196, -0.0152096223670597, 0.013467260249443, -0.0137666087620592, 0.0183934580861635, -0.00834516029923453, -0.00216329960222005, 0.00264238966234327, -0.00253685769545621, 0.0229738017026249, 0.00760077744723157, -0.00621012704219595, 
0.00863761136774177, -0.00219549160191407, 0.00308318654311779, -0.000199606983346136, -0.00898548082673315, -0.00413710912140943, -0.00186768983385618, -0.0137415472696654, 0.0123805793480261, -0.00099766135045054, 0.00454635293415663, -0.00359080644912586, 0.00588941461596567, -0.0109837695297714, -0.0260756096175448, -0.00376608547383999, 0.0041902566608862, 0.00129974518247702, 0.000737568693454776, 0.0154126113735543, -0.00437933322214064, -0.00824123506453036, -0.0105866627329933, 0.0130254547035373, 
-0.0166679183419795, -0.00372783052178101, 0.00329810739892838, -0.0173361140060172, 0.00233747928880632, 0.0187904885974993, -0.000559385577052449, 0.000646500966118309, -0.0124166778543046, 0.00348945158246581, -0.00745823326381254, 0.000968946972189343, -0.00551928771031434, 0.0143119573152306, 0.00306988029003567, -0.00115580680477002, -0.00260713458083087, -0.0104640118058083, -0.00380788882306526, -0.000692267525917703, 0.00701081249615432, 0.0117912851694962, 0.00152326831519851, -0.000604196098585989, 
0.00321168391900532, -0.00802604035851535, 0.00249251648563372, -0.000897479110962996, -0.00218816332036474, 0.00338866411849549, -0.000482308201409645, 0.00367593041180856, -0.00121842294480733, 0.00197585544971429, -0.000300035361445015, 0.00156321782331882, -0.00525071796576039, -0.00351767632570081, -0.0039635126788792, -0.00681325115347173, -0.00440170455216315, 0.00952365594208421, 0.000425322422421664, -0.00901026638964321, -0.0082801555443159, 0.00862776593720065, -0.00198103604620587, 0.00324681170035093, 
0.00834311949065222, -0.0021064028187549, 0.00222414996658219, 0.00342538192953939, -0.00258091633439474, -0.022975127192953, 0.00625867766107983, 0.004878398016774, 0.00350226042220577, 0.0106796406752806, 0.0047911359215186, -0.00288578807293752, 0.00760087076164652, 0.00777817775383086, -0.0139553854678004, 0.00626185286016052, -0.00715496594476976, 0.00312591465280968, -0.00116520451446201, 0.00361675325345224, 0.0220992261346411, -0.00320453792342477, -0.00880209284754489, -0.0215093699289984, 
0.00250519170472685, 0.0125122835196832, -0.00771253181523226, -0.0107345933327945, 0.00943148629372558, -0.00609625505516196, 0.00182937634764946, 0.00518049137410054, -0.00212141832556173, -0.0162586029410134, 0.00957418822828149, -0.00221694524085625, -0.0158475336341512, -0.0130851726846904, 0.0068529031464735, 0.0035612654107588, 0.0186236508054532, 0.00126897930124044, 0.0109497565371467, 0.00313542244883856, -0.0026721796123536, 0.000933502562052076, 0.00886390498119734, 0.000727841286881126, 
0.00580765342737933, 0.00770035868255252, 0.0102255739288577, 0.00259817489089846, 0.00665646754971023, 0.00506440561504197, -0.00272535894702221, 0.0063269869071652, -0.00478982392265697, -0.000949125033967017, 0.000512040303420093, -0.00473655507589616, -0.0105047712708991, -0.00138747818310951, 0.00731689165946427, 0.0127011939332264, 0.000485867106873573, 0.00566581361143731, 0.00791109260048021, 0.00998107059213152, -0.0037595572538053, -0.00750641135189555, 0.00420820154914992, -0.0105555919988052, 
-0.0132665889294148, 0.0028203618480863, 1.38180830620642e-05, 0.0045918463226615, -0.00330079254063486, 0.00839409638283322, -0.00831633687411898, -0.00222399430490476, 0.00412665536263234, 0.010700813105868, 0.00576481355381556, -0.0100125902074419, -0.00625222532483046, 0.000404708408072182, -0.00681731452035469, -0.000579779557010812, 0.00850118786708429, 0.00564649251949058, -0.0172632154808075, -0.00137733254375769, -0.00567949395710262, -0.00795988264791493, -0.00168062558652964, -0.00718710878646076, 
0.00511000653019195, -0.0112277996903406, 0.00328475824905702, 0.00451011563458331, -0.0134226337017761, 0.00743718371891177, -0.00203932258373668, 0.000791155696793728, 0.00931562952052032, 0.000988385078049786, -0.00256560674129783, -0.0191425973034956, 0.0105011951221489, 0.00511245953546602, 0.0216107148248309, 0.0115970879642503, 0.00814070478691215, -0.00503217630832823, 0.0103311658016121, 0.00756914424715918, -0.00274056956474783, -0.0172523426563291, -0.00410019161971964, 0.0055119143493355, 
-0.00724331371763126, 0.00279884093312499, -0.00198592444742761, -0.00743728225656615, 0.00037220825128437, 0.0150421556470663, -0.00482478810561077, -0.00646827740845901, -0.0150168418524444, -6.26166963757025e-06, -0.0108605970126839, -0.00553517211274473, -0.00721918185197076, -0.00214911608276002, 0.0102691811595277, -0.0352294849970936, 0.000782168473697532, -0.0337678767273638, 0.0354737580836658, -0.0335085222685246, 0.0448897483855107, -0.0068102764230375, 0.0131751881542992, -0.0131446266882738, 
0.00629184095392494, -0.0139781130380841, 0.00507699084354561, 0.0192009716613992, 0.0249405523474264, -0.00876970698655297, -0.0259897791653075, 0.0138192366169909, 0.014952421074459, -0.00288202286889055, 0.00577863468925714, -0.00361248563726169, -0.0127495333137407, -0.0196216568131171, 0.0233030939592624, 0.00637349732477549, -0.024574805113799, 0.0115024597983941, -0.010236588972977, 0.00327373940363778, 0.00593114244878708, 0.0148988523509043, 0.00193125330586455, 0.0116500381655223, -0.0322229766885815, 
-0.0304681814802156, 0.00096938322074564, 0.0150008518744502, -0.00103195533799759, -0.0155864485788475, 0.0178123505905728, -0.0184216527459971, 0.00523866510316237, -0.000536853222861191, 0.0122288144994424, 0.0170205201954211, -0.00210951038927424, 0.0297200144559594, -0.00836399611073739, 0.0101027302335217, 0.00425614707791385, 0.0192283979394313), denoised = c(-0.0178070694314005, -0.00517035504114383, 0.00208465720539905, -0.000690374069322051, 0.00386123481861377, 0.0044498545899689, 0.00252395603750682, 
0.0132882567778787, -0.00912104842784612, 0.0150906280600881, -0.00414757326088108, -0.0108586313726598, -0.0133969427989063, 0.00850950105358945, -0.00386547756562117, 0.0093548098827454, -0.0108762167807391, 0.00829670587947091, -0.00488952496944371, 0.00642479925568359, 0.00819697918959568, -0.013045373691433, -0.00103355677243533, -0.00584115666016835, 0.00922890963234314, -0.00253668161887967, 0.00323894242833567, 0.00115892265295591, 0.00858187588667379, 0.00493391053444517, 0.0126714706635762, 
0.00686082515654452, -0.00269835201700235, -0.00624693443807251, -0.00081886731104396, -0.00138880879288006, 0.00058175845072219, 0.00317180509273536, -0.00215908863575262, 0.00172080606017783, 0.00400238935489753, 0.0137525824536013, 0.00598527921430005, -0.00692409678075017, -0.00781561843113835, 5.89796995915829e-05, -0.000321669985692808, 0.0102494509134204, 0.00270712313765862, 0.00116636515767759, 0.0123460273699819, 0.00600995062992326, -0.00562526127874637, 0.00788303123814667, -0.0032687254236013, 
-0.00373765390855601, 0.00345481063087328, 0.00378782193296508, 0.0139476764994349, -0.00721925216951209, 0.00692475052598823, -0.00255859552834547, 0.00446489681548579, 0.00239904779348006, -0.0049464816200296, 0.0059092482237012, -0.00697190479696049, 0.00177400439972795, 0.00352647954869846, -0.00171043280495186, -0.0132807909692016, 0.00082890287659812, 0.00637863399703207, -0.00454095208145609, -0.00728600729787466, 0.0158708977742453, -0.000697651577027147, 0.00640802846913343, 0.0170377981599346, 
-0.00154737367679397, 0.00162237892303219, -0.00202175681182178, -0.0127606782060666, -0.00482872681400365, -0.0242779979262171, -0.0121630566863649, 0.0250098043870129, -0.00161443654234605, 0.026435023684067, -0.00539320696117919, -0.00494729913394406, 0.00194222809468416, -0.00610064207962914, -0.00810332921674863, -0.0457086750885232, 0.00430719383171885, -0.00694523353628262, -0.00775394146001025, -0.00748956866557449, 0.0208991115917657, -0.019098014066032, -0.0022028592559375, 0.00591668713652277, 
0.00144775438704514, -0.0204096185385494, 0.00806712196092591, 0.0137575108219213, -0.00141862803459298, 0.0133900258336733, 0.00607191732713808, -0.00660487852943458, 0.0114093915218014, 0.00613413703167097, 0.00852683840107891, 0.0104229595958737, -0.00396844113303875, 0.00211268581180123, -0.0136814106114039, -0.0027684093529093, 0.0106273822087552, 0.00593075705128526, -0.00784432835341788, -0.00295089185326402, -0.00484759336091176, -0.00444639992834113, 0.00940442895352552, 0.0238046641555065, 
0.0109023814589251, 0.0219490996177613, 0.00991928256486857, 0.00650058969041257, 0.00560330926611735, -0.00252815581073358, -0.0274847625455025, -0.00441469567002015, -0.00298677916184068, -0.00372998961483853, 0.0156126701596051, -0.000809236804558661, -0.00108023945543086, -0.00738786855679028, 0.00841936302527416, -0.000578139580378275, -0.000615059854855331, 0.00649891132928528, 0.00623949438521771, 0.0171810860993923, -0.00482361307601981, -0.000812847574205955, 0.0141946800621047, 0.0109576045094619, 
-0.0246390152781228, -0.0124227829189486, 0.00191571246360259, 0.00551982342275092, 0.0116559512118876, 0.00300074875527808, -0.0139868319283078, 0.000127757362350928, 0.00602293224213881, -0.0119525529218603, 0.00434571716050902, 0.00364564713686271, 0.00761286705132681, -0.0110984550062277, -0.00385726966202669, 0.00630940334849534, 0.00280935857392947, 0.0129863677402696, -0.0095604181031012, 0.0158974671482017, -0.00225257638572154, 0.00395009894046403, 0.00608807595134932, 0.0122329790499359, 
0.00619654297926825, 0.00866272172123938, 0.00410244283731117, 0.018443027100378, -0.0104074512416787, -0.00347307729467201, -0.0140323623523278, 0.00910023177849533, -0.0113367244027865, 0.0197541006660795, -0.00984219663329823, 0.00028622764479382, 0.00175839539711201, -0.00175872091155999, 0.024434301766822, 0.00478041580782216, -0.00433145948529078, 0.00495678635176675, -0.00243335119130881, 0.00399587927323329, 0.00413556989913263, -0.00923309126858044, -0.00148053958981084, -0.000574838485580124, 
-0.0163670967898958, 0.0186497143569787, -0.00203778492367034, 0.00317063819735216, -0.00514246938022151, 0.00671308468274522, -0.0153139297456755, -0.0282284555210742, -0.00373373523090235, 0.00362735501546517, -0.000865809871111888, 0.00256122807967754, 0.0132561907419659, -0.0047255129446307, -0.00883493471138501, -0.00957745312833953, 0.0147306201419327, -0.0258698974460492, -0.000495040530406728, 0.00261893406889663, -0.0187509544564659, 0.00254518939603679, 0.0219654862237203, -0.00108522425428404, 
-0.00192487752370995, -0.0146015676584743, 0.00400466291642592, -0.00573680564561689, 0.00200761715538854, -0.00820174741307183, 0.0138009438401502, 0.00248804241602355, -0.00268881704347039, -0.00483069012247032, -0.0121904224819473, -0.00335293814220406, 0.00286763843211168, 0.0079298253964278, 0.0104692566573334, 0.00259289950721504, 0.000421566080397982, 0.00665297637477023, -0.0097342954979951, -0.000458014990924838, -0.000494596301764989, -0.00104408423005984, 0.00400245819343732, -6.90137267857423e-05, 
0.00531525592079331, -0.001951552648715, 0.000662521320623017, -0.00135550585424404, -0.00199139135209706, -0.00537436485244759, -0.00568500877749682, -0.00171977390807778, -0.0106701481673225, -0.00406795874724518, 0.0141067196528107, 0.00108293774623903, -0.00587193695529344, -0.0054856117173802, 0.00736239290609668, -0.00289841639465782, 0.00078746787973741, 0.0102905453326667, -0.00249638124494193, 0.00807397388872726, 0.00596612132079542, -0.00354151828314153, -0.0241828893664539, 0.00546545402220691, 
0.00388398047949215, 0.00350273236039544, 0.0115170129344411, 0.00876280282736401, -0.0017719280273098, 0.00733670475443598, 0.00683293231478121, -0.0128418404560675, 0.00647368352923833, -0.00645728511215199, 0.00242373301345048, -0.00105836253635738, 0.00289306731507373, 0.0256580083362626, -0.0043614967021752, -0.00911055214147921, -0.0203895497186787, 0.00380925874048344, 0.0123585185868052, -0.00775003047593386, -0.00929333578899209, 0.0109934777154485, -0.000924113368982436, 0.00048888604810805, 
0.00357710751787227, -0.0037987261515785, -0.0178782641385361, 0.0093029335335452, -0.00220289955646466, -0.0168583568888838, -0.0123324110404502, 0.00511114238654112, 0.000730905908523875, 0.0198623970971875, 0.000187246989559295, 0.0104288166467931, 0.00390896647620417, -0.00367424927977031, 0.00448180320097522, 0.00978805431902009, 0.00149580198495197, 0.00667701020583333, 0.00861173466594762, 0.0119220599278204, 0.00243108647559593, 0.00451877661516197, 0.000644576203339786, -0.00343625373178083, 
0.00799626913978422, -0.00429884822652162, 9.69592657008047e-05, 0.000270069498401413, -0.00551334375384228, -0.0116796565139885, -0.0029631248633276, 0.00929658418914977, 0.0109920313275912, 0.000127693758258813, 0.00583883151405243, 0.00678975557203457, 0.00903180202992302, -0.00248261576854137, -0.00772574170213313, 0.00455547938456584, -0.0106196978827407, -0.0108244584416565, 0.00379660304699085, 0.000738190186388333, 0.00576612987007662, -0.00362020244392661, 0.00826411744283308, -0.00680389153619039, 
-0.00343076471388209, 0.00393659220898147, 0.00830253552707941, 0.00310770054968049, -0.0102987549348311, -0.00710843856214512, -1.44341301649368e-06, -0.00543435408622773, -0.0014632420428745, 0.00840272507182721, 0.00644342561101043, -0.0186374831682007, 0.000954102537973557, -0.00584568409077989, -0.00773431849905844, -7.16750075130152e-06, -0.00690529157792172, 0.00730761897245373, -0.0117246312697175, 0.00134031645887825, 0.0050435208998302, -0.0150477661773673, 0.00431605615636144, -0.00254477022748296, 
0.00120531491186219, 0.0108566703574247, 0.000486409606535822, -0.00123572124099648, -0.0186448256478436, 0.0112756004229403, 0.00654119042009783, 0.0274008641483157, 0.011898455094402, 0.00732548566139227, -0.00499127506622259, 0.00994068440635626, 0.0103176996479806, -0.00515003348497118, -0.0162059300781555, -0.00443200507774078, 0.00724530798197694, -0.00872050479427215, 0.00346361697936632, -0.00362087446589828, -0.0043586501978438, 9.63883417079869e-05, 0.0164101844771064, -0.003922332992117, 
-0.00454943210172759, -0.0153671847959744, -0.0021119195198499, -0.0098427978436192, -0.00806257230405509, -0.00878313764135259, -0.00198160524363421, 0.0120597319276562, -0.0347541363157948, -0.000184597711279065, -0.0356470487319947, 0.0370396855954204, -0.0319810177301688, 0.0485917525655606, -0.00622790337955467, 0.0137630697465732, -0.0151414651109624, 0.00704586537131586, -0.016835023303229, 0.00400251138974539, 0.0188137441523367, 0.0277637003551514, -0.00740748041787734, -0.0291318153129858, 
0.0152812633180863, 0.0169020359262041, -0.00716610954341809, 0.00595530300821892, -0.00401673526945135, -0.0140439157052414, -0.0193660475813141, 0.0235703721930818, 0.00460970389047377, -0.0203168666731311, 0.0109164555717651, -0.00603642963449995, 0.00328800743929496, 0.00412606049374338, 0.0125847751673142, 0.00268598649904136, 0.00993507520381345, -0.0327525321821709, -0.0271690275317494, -0.000687607625227636, 0.0185502680591659, 0.000401133322855381, -0.0174081594481993, 0.0186372116708639, 
-0.0141919397569428, 0.00631169879060444, 0.000490461902776174, 0.0126538737463208, 0.0158959559028398, -0.00270585633188598, 0.0316191685934767, -0.0073396985405387, 0.00675191434990106, 0.000949736236612549, 0.0205985209730241)),list(regular = c(-0.0140255468762579, -0.00446565883313432, 0.0045823737245776, -0.00195162053009722, 0.00386861486056138, 0.00606403264469568, 0.00126239241101147, 0.0126125748730419, -0.0078822004826737, 0.0152060738370679, -0.00500447214859417, -0.0140123587598906, -0.0104730902836182, 0.00821609383820192, -0.00263967326256691, 0.0075942537184088, -0.00732993628413153, 0.00562793319953898, 0.00210893813936941, 0.00893275603849891, 0.00527197592834673, -0.0156469217724164, -0.00174574816879789, 
-0.00432470362209199, 0.00794142761404299, -0.00307539758376123, 0.00346772114147172, 0.00738714371444757, 0.011257525160122, 0.00564347871115884, 0.0123251662599252, 0.00705315097507184, -0.00349451606571356, -0.00546756994275433, 7.39618955726705e-05, 0.000811423342478949, 0.00108227503191894, 0.00651537364646791, 0.00239859123707714, 0.00290597114348762, 0.000123171758265014, 0.0181199078849861, 0.00137040107472552, -0.00319768131300388, -0.00725564831307253, 0.00190455123070111, -0.00133198196067876, 
0.00657208189243495, -0.00220864966813802, 0.00304016115678579, 0.00785240541062924, 0.00518032360969511, -0.00374548470879443, 0.00552934476490912, 0.00159937203229131, 0.00389523733520692, 0.00171925565015804, 0.00064392666074567, 0.0103543703679681, -0.0107075603704501, 0.00246553197318516, -0.000849073685770616, 0.00155474976393279, -0.003433559025651, -0.0058240567009262, 0.00915257203104145, -0.00364131906195311, -0.00317405510122881, 0.00811017450420886, -0.00337426181637462, -0.00780254294276429, 
0.00385524261409037, 0.00506670540952465, -0.00167109927417966, -0.00538603452007955, 0.0165897285029682, 0.00170809464682584, 0.00523592571410151, 0.0147433078265228, 0.000397261870269507, 0.00632658921416857, 0.000698684884990547, -0.00987811324724655, -0.00759701839803987, -0.026584480519426, -0.0160191013856981, 0.0226498124434687, -0.00669190785610218, 0.0196183497634507, -0.0127115604487472, -0.00615885322954417, 0.00435338451658401, -0.00382310264159332, -0.00379597024514472, -0.041696446672069, 
0.00111871790261558, -0.0091821272081196, -0.00660501416345442, -0.0108534004762874, 0.0210745739372188, -0.0190567247606958, 0.00156184475713604, 0.00629031065640148, 0.00392063280092863, -0.0188936705134789, 0.00329239140392631, 0.0140768153407177, 0.000525920881060221, 0.0140125297445974, 0.00427261143732793, -0.00883248734820891, 0.0127292964243536, 0.00727958611307885, 0.00819901707017886, 0.00987053732008157, 0.000534056373519033, 0.00170193635659793, -0.0111687030988494, -0.00342830030817746, 
0.00829348390800797, 0.00565998354214118, -0.00514091336061306, 0.00147335601384482, -0.00818162668689585, -0.00706420610388389, 0.00951651767582621, 0.0239688674404314, 0.00572006486713027, 0.0240844644608346, 0.00941112100242996, 0.00492569823088973, -0.000263367702626517, 0.000260882426147181, -0.0227080623257294, -0.00390166548193027, -0.000998927384647766, -0.00408043705493953, 0.0155313687473544, -0.000822204247847691, -0.00133878380983823, -0.0014431395378539, 0.0039093194801948, 0.000477588686645394, 
-0.00132206585710085, 0.00786857665657642, 0.00531820407696775, 0.0145678375241153, -0.00532609401879997, -0.0018162802762797, 0.00914753394732135, 0.00703133546972414, -0.0244685082411954, -0.00427827000661775, 0.00262274937958475, 0.00369612815594768, 0.00779311696951255, 0.00321617049081916, -0.0161976726870209, -0.00408437367789294, 0.0106471410933551, -0.0116438038199099, 0.00113223311082558, 0.00120841638977728, 0.00832470079005518, -0.014151811385837, -0.00524022012190384, 0.00842198773772863, 
0.00222513878374191, 0.0127927117199588, -0.0106814300499232, 0.0154272021384984, 0.00160794579513343, 0.0025009177246719, 0.00615234159518809, 0.00988439643237778, 0.00424758273938531, 0.00751568978696138, 0.00610771309884998, 0.0159290749517371, -0.0120437882006523, -0.00361820201281902, -0.0152306260856562, 0.0137581000585351, -0.0138719155398052, 0.0183153079547561, -0.00876999105071758, -0.00206727529078622, 0.00261892189131107, -0.00246575834986415, 0.022889114066374, 0.00773456941250534, -0.0058853980187054, 
0.00897470423964678, -0.00192903910804552, 0.00351501532931181, -0.000399865713613189, -0.00916433337679465, -0.00410397077692777, -0.00204676660511712, -0.0136315577750585, 0.0121968427927504, -0.00122685706669901, 0.00500002204918113, -0.00400408142382049, 0.00589092524122113, -0.0106858092009722, -0.0254851720377255, -0.00348017789894967, 0.00418844094754896, 0.00117706241092008, 0.000921351251479798, 0.0152929344308184, -0.00403599259508227, -0.00835386375745586, -0.010386197523157, 0.0128909553145493, 
-0.0181288336356521, -0.00392216094749627, 0.00323212378806994, -0.0173316762469042, 0.0023197347656927, 0.0185764534123619, -0.000425154670935954, 0.000783578218678319, -0.0124365935151273, 0.00305997422965529, -0.00742759392764823, 0.00139653619377499, -0.0057431092001313, 0.0138876026184917, 0.0034785534982031, -0.000996873897483068, -0.00344351377862372, -0.00999032679331664, -0.00472498526115981, 2.38402265306671e-05, 0.00711289804561385, 0.011705603764571, 0.0018110428729861, -0.00114223893871334, 
0.00345728793703969, -0.00684107503628406, 0.00267157758311689, -0.000847004339482169, -0.0021539651953267, 0.00257302909377777, -0.00134867788273793, 0.00316245297389664, -0.00105683385956016, 0.00215597341253541, -0.000344025467454119, 0.00249963561676782, -0.00544172211449646, -0.00282665107599839, -0.00400186749979069, -0.00679714341705877, -0.00308561894396723, 0.00934075621121655, 0.000315881616619088, -0.00936662877868679, -0.00797911446471997, 0.00901104405941746, -0.00322518515601921, 0.00161419103267702, 
0.00860212055630059, -0.00280588877945153, 0.000420071774224081, 0.00487853547306979, -0.00247352167660951, -0.0232576737475716, 0.00582089895636886, 0.00467954394339198, 0.00293412521668846, 0.0105274848511628, 0.00490932031042321, -0.00268963804602168, 0.00749983863582213, 0.00819379081056184, -0.0145839511557886, 0.00659462098162204, -0.00718191684986071, 0.00280313277043794, -0.000868684034080592, 0.00356983026242066, 0.0221690696252609, -0.00295485705350283, -0.00913900828749473, -0.0219542745512644, 
0.00241393096742022, 0.0128896658142667, -0.007892969813706, -0.0104781048694993, 0.00977896972004718, -0.00518941042261823, 0.00162337763429483, 0.00506928398381907, -0.00188689362160597, -0.0161377182039717, 0.00927864219502895, -0.00231291820667426, -0.0161697570221083, -0.0135246680733606, 0.00697246959012654, 0.00306094111193777, 0.0187073203726402, 0.00190226253402923, 0.0112971756706166, 0.00287156898580449, -0.00310060466062338, 0.00225044951561486, 0.00848729044929106, -5.29443824713127e-05, 
0.00624223124950173, 0.00836918260642192, 0.0116005093011163, 0.00259817489089846, 0.00665646754971023, 0.00506440561504197, -0.00272535894702221, 0.0063269869071652, -0.00478982392265697, -0.000949125033967017, 0.000512040303420093, -0.00473655507589616, -0.0105047712708991, -0.00138747818310951, 0.00731689165946427, 0.0127011939332264, 0.000485867106873573, 0.00566581361143731, 0.00791109260048021, 0.00998107059213152, -0.0037595572538053, -0.00750641135189555, 0.00420820154914992, -0.0105555919988052, 
-0.0132665889294148, 0.0028203618480863, 1.38180830620642e-05, 0.0045918463226615, -0.00330079254063486, 0.00839409638283322, -0.00831633687411898, -0.00222399430490476, 0.00412665536263234, 0.010700813105868, 0.00576481355381556, -0.0100125902074419, -0.00625222532483046, 0.000404708408072182, -0.00681731452035469, -0.000579779557010812, 0.00850118786708429, 0.00564649251949058, -0.0172632154808075, -0.00137733254375769, -0.00567949395710262, -0.00795988264791493, -0.00168062558652964, -0.00718710878646076, 
0.00469716497041652, -0.0108136370321007, 0.00439790469015471, 0.00426401280600076, -0.0125610009848164, 0.00799490880773172, -0.00151338899426628, 0.00114620437118001, 0.00882949683089177, 0.00170556537901637, -0.00273216271486241, -0.0191809731602617, 0.0100044908493741, 0.00517526180635416, 0.0188001067906285, 0.0107964913526613, 0.00758923804820644, -0.00431685341788278, 0.0100080878958298, 0.00695216448821518, -0.00211284233034044, -0.0173669681308834, -0.00358244693402464, 0.00490991943591135, 
-0.00634512607121548, 0.00279846882167871, -0.000886344141165079, -0.00826477498591742, 0.000238890222740111, 0.0167400145076823, -0.00574375694694056, -0.00716140743810385, -0.0147064000380672, 0.000683160724326714, -0.0111350203636493, -0.00571014602638503, -0.00687175316712289, -0.00139308359142642, 0.0102474966108342, -0.0356487747898259, 0.00154719746524461, -0.0329186810848715, 0.0353903539498566, -0.0335442326814622, 0.0445076506840948, -0.00428085529579091, 0.0135795700203142, -0.0127694308268616, 
0.00416808671029563, -0.0168646876396929, 0.00314010935772634, 0.0174957553281265, 0.0240029878216562, -0.00675873664629111, -0.0243744988798812, 0.0150255889038231, 0.0159326520510639, -0.00116359466972935, 0.00584828419788492, -0.00423059734688798, -0.0119686575550043, -0.0188733799548819, 0.0206907818505133, 0.0065512194891226, -0.0224361673220823, 0.0111153319718277, -0.00902844713697517, 0.002084555889992, 0.00623724830288924, 0.0154415691667973, 0.00403165618302952, 0.0106417297292879, -0.0313247503673121, 
-0.0304413469444569, 0.000838467912685444, 0.0158809333173854, -0.00121921281918267, -0.0147587956303485, 0.0207131189627964, -0.0156991059672169, 0.00914488213088678, -0.00118507056427062, 0.0113676136402693, 0.0169985139378757, 3.28917273530772e-05, 0.029610239418614, -0.00924591257403492, 0.00997537816478085, 0.00382134674428118, 0.0195751545758085, -0.0235987630891916, 0.015168881420166, -0.00468573668112845, 0.00337344339913974, 0.0212392154457773, 0.00398375146094315, -0.0185562998600471, 0.00872683090362716, 
-0.00536757374433745, 0.00216473125273691, -0.0051285382987481, -0.0223597605651744, 0.0174182613929211, 0.0166786049832927, -0.000496956346578634, 0.00504181214615569, 0.00450316369605903, -0.0230598093820171, -0.000320302908571517, 0.016836523634808, -0.00871082176132227, -0.000455189670154416, -0.0154522602662149, -0.0194190236073086, 0.00349692109751462, -0.0186776281790078, -0.0089089031277054, -0.0136079860696384, -0.00150314240655619, 0.0171337109897278, -0.000570489805692431, 0.0382283358826377, 
-0.0078597113466568, -0.0154721657685622, 0.00964936218592126, 0.0141361284968703, 0.0115664361980092, -0.0129748363568235, 0.010686447024748, -0.00904398971769461, -0.0143254354203477, -0.00483853238812509, 0.00153416306332178, 0.00105946956432223, -0.0127897403481545, 0.0207371139848973, 0.0125966744570812, 0.00192994553987815, 0.0174327999458457, 0.0020621447753079, -0.0158691286749532, 0.00585104750487576, -0.00595093166159586, 0.009662170655013, 0.00219649323300488, -0.00788568638154835, -0.00537412124812618, 
-0.00268108761181333, 0.0035829782633994, -0.0102494131689256, 0.00596746733848913, -0.0105059958654199, -0.00700486889480698, 0.00197525246319064, 0.00380461747335741, 0.0128379998516661, -6.81759137425532e-05, -0.0182769589892224, 0.00778210642356169, 0.00726769518221174, -0.00675144089921403, -0.00545162649544407, 0.005712032670362, 0.00585701960745649, 0.005225237272634, -0.00508582312741476, -0.00142896251443156, 0.00144692581222354, -0.00443383424513991, -0.00882007442295234, -0.00903609365144579, 
-0.00325663093843745, -0.00549620068601805, -0.0022461966614544, 0.0122994009763683, 0.000472029386258325, 0.0143739017189081, 0.000782548428395075, -0.00283843224301335, -0.00669633107961351, -0.00873690874158563, 0.000704298922495382, -0.0149147416933338, 0.00262468769069883, -0.00494682480332806, -0.000976857269948039, -0.011642442133525, -0.00930273086941326, 0.00094124900305659, 0.00155624453322864, 0.00228901503634067, 0.00365614110245532, 0.000737276881618266, -0.00264806651518, -0.00362598332197356, 
0.0147706353878306, 0.00818481298985589, -0.00454824484541096, -0.00634119803458231, 0.00656640248849889, 0.0128646272479618, -0.00945593277379753, -0.0010723074158136, -0.00160708061908369, 0.00694428986227872, 0.0121700523281183, -0.0137259380187212, -0.00892061613748677, -0.00533828549075021, -0.00965905149676695, -0.000203193540191057, 0.00240124470346059, 0.0157508576246729, -0.00971703430741774, 0.0058986845136677, 0.00845897326697758, -0.00688399631774903, 0.0100315491726902, -0.00122543972241186, 
-0.00478447550184025, 0.0100909247561733, 0.00297610056277138, -0.00386989069291228, 5.10288801057001e-05, 0.000640976942205542, -0.00566607926187676, -0.00324827851562777, 0.000940033225368477, 0.00108620562307597, -0.00369607870650052, -0.00627925714899848, 0.00669724445998178, -0.00220139859596628, -0.0040098013722696, -0.00180528713526252, -0.0199721841916444, 0.00620772260014227, 1.79439526754571e-05, -0.0136119999804912, 0.00842201754356435), denoised = c(-0.0173122858415603, -0.00745122127525361, 
0.00298908781635104, -0.000746214477156597, 0.00497042336164086, 0.00331328962293266, 0.00366060868815283, 0.0139846857286085, -0.0100494666990989, 0.0142810627690338, -0.00499605052061326, -0.0101787940968278, -0.0157523827936011, 0.00865118639322825, -0.00383047351586162, 0.00829711735693668, -0.0107029482491103, 0.00713281557516801, -0.00188180416738099, 0.00848226191194883, 0.00665480344556913, -0.0125325593388614, -0.000422498527914066, -0.00428180393804601, 0.00905091636746524, -0.00291551201126293, 
0.00213549811934056, 0.00202092523728172, 0.00905169023666088, 0.00613894386349752, 0.0118861117697136, 0.00796466506689819, -0.00184165688658921, -0.00629285347041446, 0.000664670157172341, -0.00134756516464256, 0.000850169041643363, 0.00492822836087099, -0.0018600774537464, 0.00309427915190486, 0.00334485673995632, 0.0144256972331452, 0.00759854250317749, -0.00699363440045085, -0.00689200427504952, 0.00158176112242181, -0.00208748448546258, 0.010487200941027, -0.00172877520223393, 0.00157726872838209, 
0.00921663583640521, 0.00693095477349324, -0.00455127171746893, 0.0099506381680358, 0.000990958464300832, 0.00471333888854218, -0.000277481858778146, 0.000114907548572155, 0.00883471379269105, -0.0110214495768498, 0.00197224103097448, -0.000263879937386737, 0.00268469108572507, -0.00340076888646293, -0.00622590875282245, 0.00827511171214918, -0.00664572146145845, 0.00408115248100869, 0.0032203646274317, -0.00185058186319162, -0.012834444582975, 0.00397644727983939, 0.0066292536741674, -0.00507134641206349, 
-0.00338849914074989, 0.0165701739697291, -0.000954141638575793, 0.00714693820334631, 0.0164284666215914, -0.00010899507425161, 0.00539307344349161, 0.00183049810722069, -0.00994432872367641, -0.00296717719872572, -0.0225836728360023, -0.0195020654865244, 0.0261295909787451, 0.000469407469253397, 0.0256620809552436, -0.014736381480395, -0.00354720024510316, 0.00140136741490188, -0.00673921973244965, -0.00577369318839849, -0.0466566305186552, 0.00127356279141159, -0.00573612251058371, -0.007369975294081, 
-0.0111951594149505, 0.0204031696026937, -0.018795287632879, -0.00181688108337307, 0.00677232707782142, 0.00177824458781873, -0.0209672723813659, 0.00624354550985822, 0.010188798898656, -0.0026628965546424, 0.0125469805612235, 0.00455023609650371, -0.00970154909277041, 0.0119623743776007, 0.00781502059654202, 0.00725369110067177, 0.0118908194302695, -0.00514763524688471, 0.00315886050406934, -0.0113515371016531, -0.000324700018405494, 0.00544044457307925, 0.00820076287374159, -0.00652517604610335, 
-0.000637315331744732, -0.0103997051756375, -0.00101304952188599, 0.00927817790052202, 0.0242952603518252, 0.0068458203147871, 0.02534595796842, 0.00957839258552837, 0.00466934280608017, 0.00416044772247707, -0.00222290480240593, -0.027649177735371, -0.00346056808025894, -0.00298677916184068, -0.00372998961483853, 0.0156126701596051, -0.000809236804558661, -0.00108023945543086, -0.00738786855679028, 0.00841936302527416, -0.000578139580378275, -0.000615059854855331, 0.00649891132928528, 0.00623949438521771, 
0.0171810860993923, -0.00482361307601981, -0.000812847574205955, 0.0141946800621047, 0.0109576045094619, -0.0246390152781228, -0.0124227829189486, 0.00191571246360259, 0.00551982342275092, 0.0116559512118876, 0.00300074875527808, -0.0139868319283078, 0.000127757362350928, 0.00602293224213881, -0.0119525529218603, 0.00434571716050902, 0.00364564713686271, 0.00761286705132681, -0.0110984550062277, -0.00385726966202669, 0.00630940334849534, 0.00280935857392947, 0.0129863677402696, -0.0095604181031012, 
0.0158974671482017, -0.00225257638572154, 0.00395009894046403, 0.00608807595134932, 0.0122329790499359, 0.00619654297926825, 0.00866272172123938, 0.00410244283731117, 0.018443027100378, -0.0104074512416787, -0.00357418344989208, -0.0140075884365058, 0.00882619167006263, -0.0111407288384699, 0.0199549298642906, -0.0100336724766694, 0.000130170154100141, 0.00186676904685826, -0.00154642939647204, 0.0245705021602172, 0.0045921182878932, -0.00419005919899223, 0.00479145920923523, -0.00224452178100866, 
0.00451623752301553, 0.0044991995986502, -0.00901688106917425, -0.00143673421109122, -6.7062375072545e-05, -0.0166671273568601, 0.0189196168473542, -0.00223831899712241, 0.0033478372534644, -0.00546491696788564, 0.00666435684536685, -0.0155055421586293, -0.0279208178864009, -0.00360691316352428, 0.00351079289854883, -0.00132805254653856, 0.00270504997401711, 0.0131172528160588, -0.00454480504542214, -0.00896093314706129, -0.0096556699543381, 0.0148560998587613, -0.0265229852919354, -0.000580224690619335, 
0.00248690697622035, -0.0186406096967585, 0.00244958059257705, 0.0219519233567267, -0.00108566397330195, -0.00200916731667282, -0.0147640347191173, 0.00327355850198203, -0.00570125864540082, 0.00177058102163288, -0.00823216081654574, 0.0131201736344674, 0.00210715870669257, -0.00304970660166395, -0.00511648309717079, -0.01261977733358, -0.00360128484958712, 0.00323972685683794, 0.00829981809255163, 0.0106442436101095, 0.00262452282110515, 0.000472631511337911, 0.00581888364204363, -0.00812583758411219, 
-0.000522274201629336, -0.000597779373912583, -0.00155995310841099, 0.00326812079441226, -0.0014260725830194, 0.00414617355380664, -0.00167635793519173, 0.00101444842146479, -0.00171864188638518, -0.000708812145892335, -0.00500087673996142, -0.00541929177440377, -0.00208989279426628, -0.0105404310265553, -0.00184468608863944, 0.0118880971998372, 0.000839932902880766, -0.00590947462049311, -0.00380332550017535, 0.00834185293414868, -0.00323431507242435, 0.000828518307657031, 0.00949714115418415, -0.00227543029055228, 
0.00515680816508371, 0.00659234285099307, -0.00227512687253829, -0.0243524235152294, 0.00515374729598684, 0.00371334738108051, 0.00329487665801046, 0.0116743615067718, 0.00852420731288055, -0.00177572181201643, 0.00730500317750025, 0.00718021405279444, -0.0138158445008937, 0.00649616341199766, -0.00673532320506375, 0.00217871135020532, -0.00103709932763036, 0.00276103602151905, 0.0260857472261714, -0.00408679558635294, -0.00900876586059132, -0.0209868433194702, 0.00362490435252593, 0.0124938642148771, 
-0.0076391309130442, -0.00948439865788826, 0.0109342693323079, -0.000847375726216557, 0.000625749297900195, 0.00352162841041524, -0.00334773688066358, -0.0176363937766128, 0.00900059817410925, -0.0022466224671118, -0.0167030374995019, -0.0127513210688792, 0.00590222769266771, 0.00098615351210016, 0.0199263320889302, 0.00084673933605416, 0.01038525670034, 0.0034541479422123, -0.00370984495473285, 0.00509558961787383, 0.00928413995496215, 0.000636094823224844, 0.00687035766834168, 0.00911043171235863, 
0.0128044984067142, 0.00243108647559593, 0.00451877661516197, 0.000644576203339786, -0.00343625373178083, 0.00799626913978422, -0.00429884822652162, 9.69592657008047e-05, 0.000270069498401413, -0.00551334375384228, -0.0116796565139885, -0.0029631248633276, 0.00929658418914977, 0.0109920313275912, 0.000127693758258813, 0.00583883151405243, 0.00678975557203457, 0.00903180202992302, -0.00248261576854137, -0.00772574170213313, 0.00455547938456584, -0.0106196978827407, -0.0108244584416565, 0.00379660304699085, 
0.000738190186388333, 0.00576612987007662, -0.00362020244392661, 0.00826411744283308, -0.00680389153619039, -0.00343076471388209, 0.00393659220898147, 0.00830253552707941, 0.00310770054968049, -0.0102987549348311, -0.00710843856214512, -1.44341301649368e-06, -0.00543435408622773, -0.0014632420428745, 0.00840272507182721, 0.00644342561101043, -0.0186374831682007, 0.000954102537973557, -0.00584568409077989, -0.00773431849905844, -7.16750075130152e-06, -0.00690529157792172, 0.007169833595516, -0.011129052624509, 
0.00296421266596273, 0.00474148165612655, -0.0142107092293932, 0.00467283348336751, -0.00194297315351899, 0.00125696474362197, 0.00983122959450448, 0.00128814294672992, -0.00155253064953499, -0.0181343951285316, 0.0111366517599549, 0.00657061534274958, 0.0258844101214179, 0.0115781400600256, 0.00668574549353919, -0.00429403538997777, 0.0101390725058727, 0.0102185945200231, -0.00413179283221255, -0.0159273825197536, -0.00442632009474457, 0.00688497933280827, -0.00812767280663215, 0.00358235162425859, 
-0.00249526771170882, -0.00555991738489156, -0.000196557252051377, 0.0184241000217344, -0.00548276568567708, -0.00481373722262813, -0.0165343394391956, -0.000271879015946697, -0.0108383461504081, -0.00841749187942454, -0.00817734190497838, -0.000985164159118203, 0.0121812192698531, -0.0346950414725653, 0.00106232000960508, -0.0341493373579124, 0.0372929864465516, -0.0324953524493884, 0.0463023854222311, -0.00262901456923004, 0.0140364560612744, -0.015123418603551, 0.00427278176056976, -0.020574212234095, 
0.00182133660450292, 0.016710902899623, 0.0272400389665892, -0.00441832143000249, -0.0280393802829574, 0.0173234299547681, 0.0179757430587209, -0.00580761755939934, 0.0064775452686266, -0.00512079011388487, -0.0125737939489948, -0.0186480648788523, 0.0220297700750065, 0.00617582476041117, -0.0188238469551731, 0.0105448352946839, -0.00506241434301889, 0.000730943306315894, 0.00412409349179837, 0.0138474982285115, 0.00433723874639657, 0.00925647879044889, -0.0314293737113206, -0.0271814811899343, -0.00105215131107437, 
0.0190120756243249, -0.000182429798265855, -0.0163429723027573, 0.0199646549360004, -0.0113837079843159, 0.00884480398596319, -0.000313088815138913, 0.0127027882672682, 0.0161687592323041, -0.00107461894140941, 0.031254724865832, -0.00771255862526971, 0.00685865150957624, 0.00191878955825297, 0.0204220724622125, -0.0189616440504748, 0.010699662817806, -0.00312201425710203, 0.00634851860445652, 0.0216916634325752, 0.00536110335512076, -0.0148377321783758, 0.0079678725604459, -0.00327539544473084, 
0.00298651573206697, -0.00517599278637273, -0.0243908646163099, 0.0181058651020092, 0.0155921709993469, -0.00114219596344446, 0.00564646274576777, 0.00395287442888324, -0.0227446689428992, -0.00125923284369765, 0.0160601496227187, -0.00764821335865335, -0.00103432542396436, -0.016614201517461, -0.021795604451487, 0.00148895779121754, -0.0175636932701155, -0.0099051329886243, -0.0127710899445161, -0.00192675315001246, 0.0186992423637401, -0.0023079618250428, 0.0392793931742511, -0.00848091831768367, 
-0.0180419165858255, 0.011185118218363, 0.0123841790562895, 0.0105214972359933, -0.0146296213089333, 0.0097652928602792, -0.00825613056214515, -0.0124625258337121, -0.00228574110984597, -0.00286697153150754, 0.00129531303158411, -0.0110379768400385, 0.0194240422243207, 0.0146473969371551, 0.00616737545167551, 0.019688702247876, 0.00329738751740891, -0.0152687400274644, 0.00444004951312746, -0.00640654228147609, 0.00732250598447066, 0.00153566445392409, -0.00810857721233096, -0.00400071712624353, 
-0.00230519667850482, 0.00209894595717523, -0.0145254521517444, 0.00347557556063093, -0.0114085270233255, -0.00532425454088185, -0.000297810446431931, 0.00736980808716393, 0.0147488775262474, -0.00133954113386933, -0.0168907386236321, 0.00584636169844734, 0.00488282967627627, -0.00661940080192149, -0.00571885428258336, 0.00825625507856296, 0.00721423092126975, 0.00343968099476892, -0.0078673619912564, -0.00196103055303764, 0.000569714994725223, -0.00498158982709284, -0.0135106365445371, -0.010407728227471, 
-0.0072560299010175, -0.00439230160593894, -0.00157741795854692, 0.0128860527296735, -0.000599671428090323, 0.0124179422193304, 0.00230052288254761, -0.00251351576847264, -0.00623547848671437, -0.00744297895501275, 0.00141050830622347, -0.0149598851781191, 0.00326438207864251, -0.00433038969579301, -0.00061078715594109, -0.0100248620670783, -0.00903628019375274, -0.000519779737177132, 0.00294652770735705, 0.000886488448349891, 0.00401349200312659, 0.00124453032934936, -0.00260200894061866, -0.00410266259697755, 
0.0161467682605667, 0.00894227556967782, -0.00396407787314362, -0.00803583213117342, 0.00949152457072344, 0.0150713374293407, -0.00792940911343465, -0.000922771331340199, -0.00110039320101094, 0.00698358040567341, 0.0137010490424519, -0.0132490552576414, -0.00926827430275951, -0.00262779316206556, -0.0102696501147061, -0.00045361789442161, 0.00274827789447379, 0.0143858609411651, -0.010370841149942, 0.00671265793141704, 0.00902202030229235, -0.0075647502317115, 0.0114686385531527, -0.00181610190755265, 
-0.00484393502528787, 0.00632636823026699, 0.00430277416044068, -0.000123999902149739, -0.00534726789922603, 0.000353109037820822, -0.00503607491093664, -0.00243178295717968, 0.000990330483457343, 0.000119098316752784, -0.00453399447910115, -0.00609552380652219, 0.00353369993207536, -0.000487160884373401, -0.00370725281887544, -0.00235863535414225, -0.0165412739185666, 0.00386011474827505, 0.00154837435078136, -0.014635134815227, 0.00781223241400602))
